port,tcp,udp
1,None,abierto|filtrado
2,filtrado,abierto|filtrado
3,None,abierto|filtrado
4,filtrado,abierto|filtrado
5,None,abierto|filtrado
6,filtrado,abierto|filtrado
7,None,abierto|filtrado
8,filtrado,abierto|filtrado
9,filtrado,abierto|filtrado
10,filtrado,abierto|filtrado
11,None,abierto|filtrado
12,filtrado,abierto|filtrado
13,None,abierto|filtrado
14,filtrado,abierto|filtrado
15,filtrado,abierto|filtrado
16,filtrado,abierto|filtrado
17,filtrado,abierto|filtrado
18,filtrado,abierto|filtrado
19,filtrado,abierto|filtrado
20,filtrado,abierto|filtrado
21,filtrado,abierto|filtrado
22,abierto SA,abierto|filtrado
23,filtrado,abierto|filtrado
24,filtrado,abierto|filtrado
25,filtrado,abierto|filtrado
26,filtrado,abierto|filtrado
27,filtrado,abierto|filtrado
28,filtrado,abierto|filtrado
29,filtrado,abierto|filtrado
30,filtrado,abierto|filtrado
31,filtrado,abierto|filtrado
32,filtrado,abierto|filtrado
33,None,abierto|filtrado
34,filtrado,abierto|filtrado
35,filtrado,abierto|filtrado
36,filtrado,abierto|filtrado
37,filtrado,abierto|filtrado
38,filtrado,abierto|filtrado
39,filtrado,abierto|filtrado
40,None,abierto|filtrado
41,filtrado,abierto|filtrado
42,filtrado,filtrado
43,filtrado,abierto|filtrado
44,filtrado,abierto|filtrado
45,filtrado,abierto|filtrado
46,filtrado,abierto|filtrado
47,filtrado,abierto|filtrado
48,filtrado,abierto|filtrado
49,filtrado,filtrado
50,filtrado,abierto|filtrado
51,filtrado,abierto|filtrado
52,filtrado,abierto|filtrado
53,filtrado,abierto|filtrado
54,filtrado,filtrado
55,filtrado,abierto|filtrado
56,filtrado,abierto|filtrado
57,filtrado,abierto|filtrado
58,filtrado,abierto|filtrado
59,filtrado,abierto|filtrado
60,filtrado,abierto|filtrado
61,filtrado,abierto|filtrado
62,filtrado,abierto|filtrado
63,filtrado,abierto|filtrado
64,filtrado,abierto|filtrado
65,None,abierto|filtrado
66,filtrado,abierto|filtrado
67,filtrado,abierto|filtrado
68,filtrado,abierto|filtrado
69,filtrado,abierto|filtrado
70,filtrado,abierto|filtrado
71,filtrado,abierto|filtrado
72,filtrado,abierto|filtrado
73,filtrado,abierto|filtrado
74,filtrado,abierto|filtrado
75,filtrado,abierto|filtrado
76,filtrado,abierto|filtrado
77,filtrado,abierto|filtrado
78,filtrado,abierto|filtrado
79,None,abierto|filtrado
80,abierto SA,abierto|filtrado
81,filtrado,abierto|filtrado
82,filtrado,abierto|filtrado
83,filtrado,abierto|filtrado
84,filtrado,abierto|filtrado
85,filtrado,abierto|filtrado
86,filtrado,abierto|filtrado
87,filtrado,abierto|filtrado
88,filtrado,abierto|filtrado
89,filtrado,abierto|filtrado
90,filtrado,abierto|filtrado
91,filtrado,abierto|filtrado
92,filtrado,abierto|filtrado
93,filtrado,abierto|filtrado
94,filtrado,abierto|filtrado
95,filtrado,abierto|filtrado
96,filtrado,abierto|filtrado
97,filtrado,abierto|filtrado
98,filtrado,abierto|filtrado
99,filtrado,abierto|filtrado
100,filtrado,abierto|filtrado
101,filtrado,abierto|filtrado
102,filtrado,abierto|filtrado
103,filtrado,abierto|filtrado
104,filtrado,abierto|filtrado
105,filtrado,abierto|filtrado
106,filtrado,abierto|filtrado
107,filtrado,abierto|filtrado
108,filtrado,abierto|filtrado
109,filtrado,abierto|filtrado
110,filtrado,abierto|filtrado
111,filtrado,abierto|filtrado
112,filtrado,abierto|filtrado
113,filtrado,abierto|filtrado
114,filtrado,abierto|filtrado
115,filtrado,abierto|filtrado
116,filtrado,abierto|filtrado
117,filtrado,abierto|filtrado
118,filtrado,abierto|filtrado
119,filtrado,abierto|filtrado
120,filtrado,abierto|filtrado
121,filtrado,abierto|filtrado
122,filtrado,abierto|filtrado
123,filtrado,abierto|filtrado
124,filtrado,abierto|filtrado
125,filtrado,abierto|filtrado
126,filtrado,abierto|filtrado
127,filtrado,abierto|filtrado
128,None,abierto|filtrado
129,None,abierto|filtrado
130,filtrado,abierto|filtrado
131,filtrado,filtrado
132,filtrado,abierto|filtrado
133,filtrado,abierto|filtrado
134,filtrado,abierto|filtrado
135,filtrado,abierto|filtrado
136,filtrado,filtrado
137,filtrado,abierto|filtrado
138,filtrado,abierto|filtrado
139,filtrado,abierto|filtrado
140,filtrado,abierto|filtrado
141,None,abierto|filtrado
142,filtrado,abierto|filtrado
143,filtrado,abierto|filtrado
144,filtrado,abierto|filtrado
145,filtrado,abierto|filtrado
146,filtrado,abierto|filtrado
147,filtrado,abierto|filtrado
148,filtrado,abierto|filtrado
149,filtrado,abierto|filtrado
150,filtrado,abierto|filtrado
151,filtrado,abierto|filtrado
152,filtrado,abierto|filtrado
153,filtrado,abierto|filtrado
154,filtrado,abierto|filtrado
155,None,abierto|filtrado
156,filtrado,abierto|filtrado
157,filtrado,abierto|filtrado
158,filtrado,abierto|filtrado
159,filtrado,filtrado
160,filtrado,abierto|filtrado
161,None,abierto|filtrado
162,filtrado,abierto|filtrado
163,filtrado,abierto|filtrado
164,filtrado,abierto|filtrado
165,filtrado,abierto|filtrado
166,filtrado,abierto|filtrado
167,filtrado,abierto|filtrado
168,filtrado,abierto|filtrado
169,filtrado,abierto|filtrado
170,filtrado,abierto|filtrado
171,filtrado,abierto|filtrado
172,filtrado,abierto|filtrado
173,filtrado,abierto|filtrado
174,filtrado,abierto|filtrado
175,filtrado,abierto|filtrado
176,filtrado,abierto|filtrado
177,None,abierto|filtrado
178,filtrado,abierto|filtrado
179,filtrado,abierto|filtrado
180,filtrado,abierto|filtrado
181,filtrado,abierto|filtrado
182,filtrado,abierto|filtrado
183,filtrado,abierto|filtrado
184,filtrado,abierto|filtrado
185,filtrado,abierto|filtrado
186,filtrado,abierto|filtrado
187,filtrado,abierto|filtrado
188,filtrado,abierto|filtrado
189,filtrado,abierto|filtrado
190,filtrado,abierto|filtrado
191,filtrado,abierto|filtrado
192,filtrado,abierto|filtrado
193,filtrado,abierto|filtrado
194,filtrado,abierto|filtrado
195,filtrado,abierto|filtrado
196,filtrado,abierto|filtrado
197,filtrado,abierto|filtrado
198,filtrado,abierto|filtrado
199,filtrado,abierto|filtrado
200,filtrado,abierto|filtrado
201,filtrado,abierto|filtrado
202,filtrado,abierto|filtrado
203,filtrado,abierto|filtrado
204,filtrado,abierto|filtrado
205,filtrado,abierto|filtrado
206,filtrado,abierto|filtrado
207,filtrado,abierto|filtrado
208,filtrado,abierto|filtrado
209,filtrado,abierto|filtrado
210,filtrado,abierto|filtrado
211,filtrado,abierto|filtrado
212,filtrado,filtrado
213,filtrado,abierto|filtrado
214,filtrado,abierto|filtrado
215,filtrado,abierto|filtrado
216,filtrado,abierto|filtrado
217,filtrado,abierto|filtrado
218,filtrado,abierto|filtrado
219,filtrado,abierto|filtrado
220,filtrado,abierto|filtrado
221,filtrado,abierto|filtrado
222,filtrado,abierto|filtrado
223,filtrado,abierto|filtrado
224,filtrado,filtrado
225,filtrado,abierto|filtrado
226,filtrado,abierto|filtrado
227,filtrado,abierto|filtrado
228,filtrado,abierto|filtrado
229,filtrado,abierto|filtrado
230,None,abierto|filtrado
231,filtrado,abierto|filtrado
232,filtrado,abierto|filtrado
233,filtrado,abierto|filtrado
234,filtrado,abierto|filtrado
235,filtrado,abierto|filtrado
236,filtrado,abierto|filtrado
237,filtrado,filtrado
238,filtrado,abierto|filtrado
239,filtrado,abierto|filtrado
240,filtrado,abierto|filtrado
241,filtrado,abierto|filtrado
242,filtrado,abierto|filtrado
243,filtrado,abierto|filtrado
244,filtrado,abierto|filtrado
245,filtrado,abierto|filtrado
246,filtrado,abierto|filtrado
247,filtrado,abierto|filtrado
248,filtrado,abierto|filtrado
249,filtrado,abierto|filtrado
250,filtrado,abierto|filtrado
251,filtrado,abierto|filtrado
252,filtrado,abierto|filtrado
253,filtrado,abierto|filtrado
254,filtrado,abierto|filtrado
255,filtrado,abierto|filtrado
256,filtrado,abierto|filtrado
257,None,abierto|filtrado
258,filtrado,abierto|filtrado
259,filtrado,abierto|filtrado
260,filtrado,abierto|filtrado
261,filtrado,abierto|filtrado
262,filtrado,abierto|filtrado
263,filtrado,abierto|filtrado
264,filtrado,abierto|filtrado
265,filtrado,abierto|filtrado
266,filtrado,abierto|filtrado
267,filtrado,abierto|filtrado
268,filtrado,abierto|filtrado
269,None,abierto|filtrado
270,filtrado,abierto|filtrado
271,filtrado,abierto|filtrado
272,filtrado,abierto|filtrado
273,filtrado,abierto|filtrado
274,filtrado,abierto|filtrado
275,filtrado,abierto|filtrado
276,None,abierto|filtrado
277,filtrado,abierto|filtrado
278,filtrado,abierto|filtrado
279,filtrado,abierto|filtrado
280,None,abierto|filtrado
281,filtrado,abierto|filtrado
282,filtrado,abierto|filtrado
283,filtrado,abierto|filtrado
284,filtrado,abierto|filtrado
285,filtrado,abierto|filtrado
286,filtrado,abierto|filtrado
287,filtrado,filtrado
288,filtrado,abierto|filtrado
289,filtrado,abierto|filtrado
290,filtrado,abierto|filtrado
291,filtrado,abierto|filtrado
292,filtrado,abierto|filtrado
293,filtrado,abierto|filtrado
294,None,abierto|filtrado
295,filtrado,abierto|filtrado
296,filtrado,abierto|filtrado
297,filtrado,abierto|filtrado
298,filtrado,abierto|filtrado
299,filtrado,abierto|filtrado
300,filtrado,abierto|filtrado
301,filtrado,abierto|filtrado
302,filtrado,abierto|filtrado
303,filtrado,abierto|filtrado
304,filtrado,abierto|filtrado
305,filtrado,abierto|filtrado
306,filtrado,abierto|filtrado
307,filtrado,abierto|filtrado
308,filtrado,abierto|filtrado
309,None,abierto|filtrado
310,filtrado,abierto|filtrado
311,filtrado,abierto|filtrado
312,filtrado,abierto|filtrado
313,filtrado,abierto|filtrado
314,filtrado,abierto|filtrado
315,filtrado,abierto|filtrado
316,filtrado,abierto|filtrado
317,filtrado,abierto|filtrado
318,filtrado,abierto|filtrado
319,filtrado,abierto|filtrado
320,filtrado,abierto|filtrado
321,filtrado,abierto|filtrado
322,None,abierto|filtrado
323,filtrado,abierto|filtrado
324,filtrado,abierto|filtrado
325,filtrado,abierto|filtrado
326,filtrado,abierto|filtrado
327,filtrado,abierto|filtrado
328,filtrado,abierto|filtrado
329,filtrado,abierto|filtrado
330,filtrado,abierto|filtrado
331,filtrado,abierto|filtrado
332,filtrado,abierto|filtrado
333,filtrado,abierto|filtrado
334,filtrado,abierto|filtrado
335,filtrado,abierto|filtrado
336,filtrado,abierto|filtrado
337,filtrado,abierto|filtrado
338,filtrado,abierto|filtrado
339,filtrado,abierto|filtrado
340,filtrado,abierto|filtrado
341,filtrado,abierto|filtrado
342,filtrado,abierto|filtrado
343,filtrado,abierto|filtrado
344,filtrado,abierto|filtrado
345,filtrado,abierto|filtrado
346,filtrado,abierto|filtrado
347,filtrado,abierto|filtrado
348,None,abierto|filtrado
349,filtrado,abierto|filtrado
350,filtrado,abierto|filtrado
351,filtrado,abierto|filtrado
352,filtrado,abierto|filtrado
353,filtrado,abierto|filtrado
354,filtrado,abierto|filtrado
355,filtrado,abierto|filtrado
356,filtrado,abierto|filtrado
357,filtrado,abierto|filtrado
358,filtrado,abierto|filtrado
359,filtrado,abierto|filtrado
360,filtrado,abierto|filtrado
361,filtrado,abierto|filtrado
362,filtrado,abierto|filtrado
363,filtrado,abierto|filtrado
364,filtrado,abierto|filtrado
365,filtrado,abierto|filtrado
366,filtrado,abierto|filtrado
367,filtrado,abierto|filtrado
368,filtrado,abierto|filtrado
369,filtrado,abierto|filtrado
370,filtrado,abierto|filtrado
371,filtrado,abierto|filtrado
372,filtrado,abierto|filtrado
373,filtrado,abierto|filtrado
374,filtrado,abierto|filtrado
375,filtrado,filtrado
376,filtrado,abierto|filtrado
377,filtrado,abierto|filtrado
378,filtrado,abierto|filtrado
379,filtrado,abierto|filtrado
380,filtrado,filtrado
381,filtrado,abierto|filtrado
382,filtrado,abierto|filtrado
383,None,abierto|filtrado
384,filtrado,abierto|filtrado
385,filtrado,abierto|filtrado
386,filtrado,abierto|filtrado
387,filtrado,abierto|filtrado
388,filtrado,abierto|filtrado
389,filtrado,abierto|filtrado
390,filtrado,abierto|filtrado
391,filtrado,abierto|filtrado
392,filtrado,abierto|filtrado
393,filtrado,abierto|filtrado
394,filtrado,abierto|filtrado
395,filtrado,abierto|filtrado
396,filtrado,abierto|filtrado
397,filtrado,abierto|filtrado
398,filtrado,abierto|filtrado
399,filtrado,abierto|filtrado
400,filtrado,abierto|filtrado
401,filtrado,abierto|filtrado
402,filtrado,abierto|filtrado
403,filtrado,abierto|filtrado
404,filtrado,abierto|filtrado
405,filtrado,abierto|filtrado
406,filtrado,abierto|filtrado
407,filtrado,abierto|filtrado
408,filtrado,filtrado
409,filtrado,abierto|filtrado
410,filtrado,abierto|filtrado
411,filtrado,abierto|filtrado
412,filtrado,abierto|filtrado
413,filtrado,abierto|filtrado
414,filtrado,abierto|filtrado
415,filtrado,abierto|filtrado
416,filtrado,abierto|filtrado
417,filtrado,abierto|filtrado
418,filtrado,abierto|filtrado
419,filtrado,abierto|filtrado
420,filtrado,abierto|filtrado
421,filtrado,abierto|filtrado
422,filtrado,abierto|filtrado
423,filtrado,abierto|filtrado
424,filtrado,abierto|filtrado
425,filtrado,abierto|filtrado
426,None,abierto|filtrado
427,filtrado,abierto|filtrado
428,filtrado,abierto|filtrado
429,filtrado,abierto|filtrado
430,filtrado,abierto|filtrado
431,filtrado,abierto|filtrado
432,filtrado,abierto|filtrado
433,filtrado,abierto|filtrado
434,filtrado,abierto|filtrado
435,filtrado,abierto|filtrado
436,filtrado,abierto|filtrado
437,filtrado,filtrado
438,filtrado,abierto|filtrado
439,filtrado,abierto|filtrado
440,filtrado,abierto|filtrado
441,filtrado,abierto|filtrado
442,filtrado,abierto|filtrado
443,abierto SA,abierto|filtrado
444,filtrado,abierto|filtrado
445,filtrado,abierto|filtrado
446,filtrado,abierto|filtrado
447,filtrado,abierto|filtrado
448,filtrado,abierto|filtrado
449,filtrado,abierto|filtrado
450,filtrado,abierto|filtrado
451,filtrado,abierto|filtrado
452,filtrado,abierto|filtrado
453,filtrado,abierto|filtrado
454,filtrado,abierto|filtrado
455,filtrado,abierto|filtrado
456,filtrado,abierto|filtrado
457,filtrado,abierto|filtrado
458,filtrado,abierto|filtrado
459,filtrado,abierto|filtrado
460,filtrado,abierto|filtrado
461,filtrado,abierto|filtrado
462,filtrado,abierto|filtrado
463,None,abierto|filtrado
464,filtrado,abierto|filtrado
465,filtrado,abierto|filtrado
466,filtrado,abierto|filtrado
467,filtrado,abierto|filtrado
468,filtrado,abierto|filtrado
469,filtrado,abierto|filtrado
470,filtrado,abierto|filtrado
471,filtrado,abierto|filtrado
472,filtrado,abierto|filtrado
473,filtrado,abierto|filtrado
474,filtrado,filtrado
475,filtrado,abierto|filtrado
476,filtrado,abierto|filtrado
477,filtrado,abierto|filtrado
478,filtrado,abierto|filtrado
479,filtrado,abierto|filtrado
480,filtrado,abierto|filtrado
481,filtrado,abierto|filtrado
482,filtrado,abierto|filtrado
483,filtrado,abierto|filtrado
484,filtrado,abierto|filtrado
485,filtrado,abierto|filtrado
486,filtrado,abierto|filtrado
487,filtrado,abierto|filtrado
488,filtrado,abierto|filtrado
489,filtrado,abierto|filtrado
490,filtrado,abierto|filtrado
491,filtrado,abierto|filtrado
492,filtrado,abierto|filtrado
493,filtrado,abierto|filtrado
494,filtrado,abierto|filtrado
495,filtrado,abierto|filtrado
496,filtrado,abierto|filtrado
497,filtrado,abierto|filtrado
498,None,abierto|filtrado
499,filtrado,abierto|filtrado
500,None,abierto|filtrado
501,filtrado,abierto|filtrado
502,filtrado,abierto|filtrado
503,filtrado,abierto|filtrado
504,filtrado,filtrado
505,filtrado,abierto|filtrado
506,filtrado,abierto|filtrado
507,filtrado,abierto|filtrado
508,filtrado,abierto|filtrado
509,filtrado,filtrado
510,filtrado,abierto|filtrado
511,filtrado,abierto|filtrado
512,filtrado,abierto|filtrado
513,filtrado,abierto|filtrado
514,filtrado,abierto|filtrado
515,filtrado,abierto|filtrado
516,None,abierto|filtrado
517,filtrado,abierto|filtrado
518,filtrado,abierto|filtrado
519,filtrado,abierto|filtrado
520,filtrado,abierto|filtrado
521,filtrado,abierto|filtrado
522,filtrado,abierto|filtrado
523,filtrado,abierto|filtrado
524,filtrado,abierto|filtrado
525,filtrado,abierto|filtrado
526,filtrado,abierto|filtrado
527,filtrado,abierto|filtrado
528,filtrado,abierto|filtrado
529,filtrado,abierto|filtrado
530,filtrado,abierto|filtrado
531,filtrado,abierto|filtrado
532,None,abierto|filtrado
533,filtrado,abierto|filtrado
534,None,abierto|filtrado
535,filtrado,abierto|filtrado
536,filtrado,abierto|filtrado
537,filtrado,abierto|filtrado
538,filtrado,abierto|filtrado
539,filtrado,abierto|filtrado
540,filtrado,abierto|filtrado
541,filtrado,abierto|filtrado
542,filtrado,abierto|filtrado
543,filtrado,abierto|filtrado
544,filtrado,abierto|filtrado
545,filtrado,abierto|filtrado
546,None,abierto|filtrado
547,filtrado,abierto|filtrado
548,filtrado,abierto|filtrado
549,filtrado,abierto|filtrado
550,filtrado,abierto|filtrado
551,filtrado,abierto|filtrado
552,filtrado,abierto|filtrado
553,filtrado,abierto|filtrado
554,filtrado,abierto|filtrado
555,filtrado,abierto|filtrado
556,filtrado,abierto|filtrado
557,filtrado,abierto|filtrado
558,filtrado,abierto|filtrado
559,filtrado,abierto|filtrado
560,filtrado,abierto|filtrado
561,filtrado,abierto|filtrado
562,filtrado,abierto|filtrado
563,filtrado,abierto|filtrado
564,filtrado,abierto|filtrado
565,filtrado,abierto|filtrado
566,filtrado,abierto|filtrado
567,filtrado,abierto|filtrado
568,filtrado,abierto|filtrado
569,filtrado,abierto|filtrado
570,filtrado,abierto|filtrado
571,None,abierto|filtrado
572,filtrado,abierto|filtrado
573,filtrado,abierto|filtrado
574,filtrado,abierto|filtrado
575,filtrado,abierto|filtrado
576,filtrado,abierto|filtrado
577,filtrado,abierto|filtrado
578,filtrado,abierto|filtrado
579,filtrado,filtrado
580,filtrado,abierto|filtrado
581,filtrado,abierto|filtrado
582,filtrado,abierto|filtrado
583,filtrado,abierto|filtrado
584,filtrado,abierto|filtrado
585,filtrado,abierto|filtrado
586,filtrado,abierto|filtrado
587,filtrado,abierto|filtrado
588,filtrado,abierto|filtrado
589,filtrado,abierto|filtrado
590,filtrado,abierto|filtrado
591,filtrado,abierto|filtrado
592,filtrado,abierto|filtrado
593,filtrado,abierto|filtrado
594,filtrado,abierto|filtrado
595,filtrado,abierto|filtrado
596,filtrado,abierto|filtrado
597,filtrado,abierto|filtrado
598,filtrado,abierto|filtrado
599,filtrado,abierto|filtrado
600,None,abierto|filtrado
601,filtrado,abierto|filtrado
602,None,abierto|filtrado
603,filtrado,abierto|filtrado
604,filtrado,abierto|filtrado
605,filtrado,abierto|filtrado
606,filtrado,abierto|filtrado
607,filtrado,abierto|filtrado
608,filtrado,abierto|filtrado
609,filtrado,abierto|filtrado
610,filtrado,abierto|filtrado
611,filtrado,abierto|filtrado
612,filtrado,abierto|filtrado
613,filtrado,abierto|filtrado
614,filtrado,abierto|filtrado
615,filtrado,abierto|filtrado
616,filtrado,abierto|filtrado
617,filtrado,abierto|filtrado
618,filtrado,abierto|filtrado
619,filtrado,abierto|filtrado
620,filtrado,abierto|filtrado
621,filtrado,abierto|filtrado
622,filtrado,abierto|filtrado
623,filtrado,abierto|filtrado
624,filtrado,abierto|filtrado
625,filtrado,abierto|filtrado
626,filtrado,abierto|filtrado
627,filtrado,abierto|filtrado
628,filtrado,abierto|filtrado
629,filtrado,abierto|filtrado
630,filtrado,abierto|filtrado
631,filtrado,abierto|filtrado
632,filtrado,abierto|filtrado
633,filtrado,abierto|filtrado
634,filtrado,abierto|filtrado
635,filtrado,abierto|filtrado
636,filtrado,abierto|filtrado
637,filtrado,abierto|filtrado
638,filtrado,abierto|filtrado
639,None,abierto|filtrado
640,filtrado,abierto|filtrado
641,filtrado,abierto|filtrado
642,filtrado,abierto|filtrado
643,filtrado,abierto|filtrado
644,filtrado,abierto|filtrado
645,filtrado,abierto|filtrado
646,filtrado,filtrado
647,filtrado,abierto|filtrado
648,filtrado,abierto|filtrado
649,filtrado,abierto|filtrado
650,filtrado,abierto|filtrado
651,filtrado,abierto|filtrado
652,filtrado,abierto|filtrado
653,filtrado,abierto|filtrado
654,None,abierto|filtrado
655,filtrado,abierto|filtrado
656,filtrado,abierto|filtrado
657,filtrado,abierto|filtrado
658,filtrado,abierto|filtrado
659,filtrado,abierto|filtrado
660,filtrado,abierto|filtrado
661,filtrado,abierto|filtrado
662,None,abierto|filtrado
663,filtrado,abierto|filtrado
664,filtrado,abierto|filtrado
665,filtrado,abierto|filtrado
666,filtrado,abierto|filtrado
667,filtrado,abierto|filtrado
668,filtrado,abierto|filtrado
669,filtrado,filtrado
670,filtrado,abierto|filtrado
671,filtrado,abierto|filtrado
672,filtrado,abierto|filtrado
673,filtrado,abierto|filtrado
674,filtrado,abierto|filtrado
675,filtrado,abierto|filtrado
676,filtrado,abierto|filtrado
677,filtrado,abierto|filtrado
678,filtrado,abierto|filtrado
679,filtrado,abierto|filtrado
680,filtrado,abierto|filtrado
681,filtrado,abierto|filtrado
682,filtrado,abierto|filtrado
683,filtrado,filtrado
684,filtrado,abierto|filtrado
685,filtrado,abierto|filtrado
686,filtrado,abierto|filtrado
687,filtrado,abierto|filtrado
688,filtrado,filtrado
689,filtrado,abierto|filtrado
690,filtrado,abierto|filtrado
691,filtrado,abierto|filtrado
692,filtrado,abierto|filtrado
693,filtrado,abierto|filtrado
694,filtrado,abierto|filtrado
695,filtrado,abierto|filtrado
696,filtrado,abierto|filtrado
697,filtrado,abierto|filtrado
698,filtrado,abierto|filtrado
699,None,abierto|filtrado
700,filtrado,abierto|filtrado
701,filtrado,abierto|filtrado
702,filtrado,abierto|filtrado
703,filtrado,abierto|filtrado
704,filtrado,abierto|filtrado
705,filtrado,abierto|filtrado
706,filtrado,abierto|filtrado
707,filtrado,abierto|filtrado
708,filtrado,abierto|filtrado
709,filtrado,abierto|filtrado
710,filtrado,abierto|filtrado
711,filtrado,abierto|filtrado
712,filtrado,abierto|filtrado
713,filtrado,abierto|filtrado
714,filtrado,abierto|filtrado
715,filtrado,abierto|filtrado
716,None,abierto|filtrado
717,filtrado,abierto|filtrado
718,filtrado,abierto|filtrado
719,filtrado,abierto|filtrado
720,filtrado,abierto|filtrado
721,filtrado,abierto|filtrado
722,filtrado,abierto|filtrado
723,filtrado,abierto|filtrado
724,filtrado,filtrado
725,filtrado,abierto|filtrado
726,filtrado,abierto|filtrado
727,filtrado,abierto|filtrado
728,filtrado,abierto|filtrado
729,filtrado,abierto|filtrado
730,filtrado,abierto|filtrado
731,filtrado,abierto|filtrado
732,filtrado,abierto|filtrado
733,filtrado,abierto|filtrado
734,filtrado,abierto|filtrado
735,filtrado,abierto|filtrado
736,filtrado,abierto|filtrado
737,filtrado,abierto|filtrado
738,filtrado,abierto|filtrado
739,filtrado,abierto|filtrado
740,None,abierto|filtrado
741,filtrado,abierto|filtrado
742,filtrado,abierto|filtrado
743,filtrado,abierto|filtrado
744,filtrado,abierto|filtrado
745,filtrado,abierto|filtrado
746,filtrado,abierto|filtrado
747,filtrado,abierto|filtrado
748,filtrado,abierto|filtrado
749,filtrado,abierto|filtrado
750,filtrado,abierto|filtrado
751,filtrado,abierto|filtrado
752,None,abierto|filtrado
753,None,abierto|filtrado
754,filtrado,abierto|filtrado
755,filtrado,abierto|filtrado
756,filtrado,abierto|filtrado
757,filtrado,abierto|filtrado
758,filtrado,abierto|filtrado
759,filtrado,abierto|filtrado
760,None,abierto|filtrado
761,filtrado,abierto|filtrado
762,None,abierto|filtrado
763,filtrado,abierto|filtrado
764,filtrado,abierto|filtrado
765,filtrado,abierto|filtrado
766,filtrado,abierto|filtrado
767,filtrado,abierto|filtrado
768,filtrado,abierto|filtrado
769,filtrado,abierto|filtrado
770,filtrado,abierto|filtrado
771,filtrado,abierto|filtrado
772,filtrado,abierto|filtrado
773,filtrado,abierto|filtrado
774,filtrado,abierto|filtrado
775,filtrado,abierto|filtrado
776,filtrado,abierto|filtrado
777,filtrado,abierto|filtrado
778,filtrado,abierto|filtrado
779,filtrado,abierto|filtrado
780,filtrado,abierto|filtrado
781,filtrado,abierto|filtrado
782,filtrado,abierto|filtrado
783,None,abierto|filtrado
784,filtrado,abierto|filtrado
785,filtrado,abierto|filtrado
786,None,abierto|filtrado
787,filtrado,abierto|filtrado
788,filtrado,abierto|filtrado
789,filtrado,abierto|filtrado
790,filtrado,abierto|filtrado
791,filtrado,abierto|filtrado
792,filtrado,abierto|filtrado
793,filtrado,abierto|filtrado
794,filtrado,abierto|filtrado
795,filtrado,abierto|filtrado
796,filtrado,abierto|filtrado
797,filtrado,abierto|filtrado
798,filtrado,abierto|filtrado
799,filtrado,abierto|filtrado
800,filtrado,abierto|filtrado
801,filtrado,abierto|filtrado
802,filtrado,abierto|filtrado
803,filtrado,abierto|filtrado
804,filtrado,abierto|filtrado
805,filtrado,abierto|filtrado
806,filtrado,abierto|filtrado
807,filtrado,abierto|filtrado
808,filtrado,abierto|filtrado
809,filtrado,abierto|filtrado
810,filtrado,abierto|filtrado
811,None,abierto|filtrado
812,filtrado,abierto|filtrado
813,filtrado,abierto|filtrado
814,filtrado,abierto|filtrado
815,filtrado,abierto|filtrado
816,filtrado,abierto|filtrado
817,filtrado,abierto|filtrado
818,filtrado,abierto|filtrado
819,None,abierto|filtrado
820,filtrado,abierto|filtrado
821,filtrado,filtrado
822,filtrado,abierto|filtrado
823,filtrado,abierto|filtrado
824,filtrado,abierto|filtrado
825,filtrado,abierto|filtrado
826,None,abierto|filtrado
827,filtrado,abierto|filtrado
828,filtrado,abierto|filtrado
829,filtrado,abierto|filtrado
830,filtrado,abierto|filtrado
831,filtrado,abierto|filtrado
832,filtrado,abierto|filtrado
833,filtrado,abierto|filtrado
834,filtrado,abierto|filtrado
835,filtrado,abierto|filtrado
836,filtrado,abierto|filtrado
837,filtrado,abierto|filtrado
838,filtrado,abierto|filtrado
839,None,abierto|filtrado
840,filtrado,abierto|filtrado
841,filtrado,abierto|filtrado
842,filtrado,abierto|filtrado
843,filtrado,abierto|filtrado
844,filtrado,abierto|filtrado
845,filtrado,abierto|filtrado
846,filtrado,abierto|filtrado
847,filtrado,abierto|filtrado
848,filtrado,abierto|filtrado
849,filtrado,abierto|filtrado
850,filtrado,abierto|filtrado
851,filtrado,abierto|filtrado
852,filtrado,abierto|filtrado
853,filtrado,abierto|filtrado
854,filtrado,abierto|filtrado
855,filtrado,abierto|filtrado
856,filtrado,abierto|filtrado
857,filtrado,abierto|filtrado
858,filtrado,abierto|filtrado
859,None,abierto|filtrado
860,filtrado,abierto|filtrado
861,filtrado,abierto|filtrado
862,filtrado,abierto|filtrado
863,filtrado,abierto|filtrado
864,filtrado,abierto|filtrado
865,filtrado,abierto|filtrado
866,filtrado,abierto|filtrado
867,filtrado,abierto|filtrado
868,filtrado,abierto|filtrado
869,filtrado,abierto|filtrado
870,filtrado,abierto|filtrado
871,filtrado,abierto|filtrado
872,filtrado,abierto|filtrado
873,filtrado,abierto|filtrado
874,filtrado,abierto|filtrado
875,filtrado,abierto|filtrado
876,filtrado,abierto|filtrado
877,filtrado,abierto|filtrado
878,filtrado,abierto|filtrado
879,filtrado,abierto|filtrado
880,None,abierto|filtrado
881,filtrado,abierto|filtrado
882,filtrado,abierto|filtrado
883,filtrado,abierto|filtrado
884,filtrado,abierto|filtrado
885,filtrado,filtrado
886,filtrado,abierto|filtrado
887,filtrado,abierto|filtrado
888,filtrado,abierto|filtrado
889,filtrado,abierto|filtrado
890,filtrado,abierto|filtrado
891,filtrado,abierto|filtrado
892,filtrado,abierto|filtrado
893,filtrado,abierto|filtrado
894,filtrado,abierto|filtrado
895,filtrado,abierto|filtrado
896,filtrado,filtrado
897,filtrado,abierto|filtrado
898,filtrado,abierto|filtrado
899,filtrado,abierto|filtrado
900,filtrado,abierto|filtrado
901,filtrado,abierto|filtrado
902,filtrado,abierto|filtrado
903,filtrado,abierto|filtrado
904,filtrado,abierto|filtrado
905,filtrado,abierto|filtrado
906,filtrado,abierto|filtrado
907,filtrado,abierto|filtrado
908,filtrado,abierto|filtrado
909,filtrado,abierto|filtrado
910,filtrado,abierto|filtrado
911,None,abierto|filtrado
912,filtrado,abierto|filtrado
913,filtrado,abierto|filtrado
914,filtrado,filtrado
915,filtrado,abierto|filtrado
916,filtrado,abierto|filtrado
917,filtrado,abierto|filtrado
918,filtrado,abierto|filtrado
919,filtrado,abierto|filtrado
920,filtrado,abierto|filtrado
921,filtrado,abierto|filtrado
922,filtrado,abierto|filtrado
923,filtrado,abierto|filtrado
924,filtrado,abierto|filtrado
925,filtrado,abierto|filtrado
926,filtrado,abierto|filtrado
927,filtrado,abierto|filtrado
928,filtrado,abierto|filtrado
929,filtrado,abierto|filtrado
930,filtrado,abierto|filtrado
931,filtrado,abierto|filtrado
932,filtrado,abierto|filtrado
933,filtrado,abierto|filtrado
934,filtrado,abierto|filtrado
935,filtrado,abierto|filtrado
936,filtrado,abierto|filtrado
937,filtrado,abierto|filtrado
938,filtrado,abierto|filtrado
939,filtrado,abierto|filtrado
940,filtrado,filtrado
941,filtrado,abierto|filtrado
942,filtrado,abierto|filtrado
943,filtrado,abierto|filtrado
944,filtrado,abierto|filtrado
945,filtrado,abierto|filtrado
946,filtrado,abierto|filtrado
947,filtrado,abierto|filtrado
948,filtrado,abierto|filtrado
949,filtrado,abierto|filtrado
950,filtrado,abierto|filtrado
951,filtrado,abierto|filtrado
952,filtrado,abierto|filtrado
953,filtrado,abierto|filtrado
954,filtrado,abierto|filtrado
955,filtrado,abierto|filtrado
956,None,abierto|filtrado
957,filtrado,abierto|filtrado
958,filtrado,abierto|filtrado
959,filtrado,abierto|filtrado
960,filtrado,abierto|filtrado
961,filtrado,abierto|filtrado
962,filtrado,abierto|filtrado
963,filtrado,abierto|filtrado
964,filtrado,abierto|filtrado
965,filtrado,abierto|filtrado
966,filtrado,abierto|filtrado
967,None,abierto|filtrado
968,filtrado,abierto|filtrado
969,filtrado,filtrado
970,filtrado,abierto|filtrado
971,filtrado,abierto|filtrado
972,filtrado,abierto|filtrado
973,filtrado,abierto|filtrado
974,filtrado,filtrado
975,filtrado,abierto|filtrado
976,filtrado,abierto|filtrado
977,filtrado,abierto|filtrado
978,filtrado,abierto|filtrado
979,None,abierto|filtrado
980,filtrado,abierto|filtrado
981,None,abierto|filtrado
982,filtrado,abierto|filtrado
983,filtrado,abierto|filtrado
984,filtrado,abierto|filtrado
985,filtrado,abierto|filtrado
986,filtrado,abierto|filtrado
987,filtrado,abierto|filtrado
988,filtrado,abierto|filtrado
989,filtrado,abierto|filtrado
990,filtrado,abierto|filtrado
991,filtrado,abierto|filtrado
992,filtrado,abierto|filtrado
993,filtrado,abierto|filtrado
994,filtrado,abierto|filtrado
995,filtrado,abierto|filtrado
996,filtrado,abierto|filtrado
997,filtrado,abierto|filtrado
998,filtrado,abierto|filtrado
999,filtrado,abierto|filtrado
1000,filtrado,abierto|filtrado
1001,filtrado,abierto|filtrado
1002,filtrado,abierto|filtrado
1003,filtrado,abierto|filtrado
1004,filtrado,abierto|filtrado
1005,None,abierto|filtrado
1006,filtrado,abierto|filtrado
1007,filtrado,abierto|filtrado
1008,filtrado,abierto|filtrado
1009,filtrado,abierto|filtrado
1010,filtrado,abierto|filtrado
1011,filtrado,abierto|filtrado
1012,filtrado,abierto|filtrado
1013,filtrado,abierto|filtrado
1014,filtrado,filtrado
1015,filtrado,abierto|filtrado
1016,filtrado,abierto|filtrado
1017,filtrado,abierto|filtrado
1018,filtrado,abierto|filtrado
1019,filtrado,abierto|filtrado
1020,filtrado,abierto|filtrado
1021,filtrado,abierto|filtrado
1022,filtrado,abierto|filtrado
1023,filtrado,abierto|filtrado
1024,filtrado,filtrado
